,36.25,14.5,5.800000000000001,2.3200000000000007,0.9280000000000002,0.3712000000000001,0.14848000000000006,0.05939200000000002,0.023756800000000012,0.009502720000000004,0.003801088000000002,0.0015204352000000008,0.0006081740800000004,0.00024326963200000016,9.730785280000007e-05,3.892314112000003e-05
1_L82V-117G_AMP_t1,52.0,54.0,52.0,52.0,50.0,50.0,49.0,48.5,50.0,50.5,50.5,49.5,50.0,49.0,48.0,48.5
2_L82V-117G_AMP_t2,50.5,45.0,50.5,52.0,48.5,49.5,47.0,48.5,48.5,46.5,49.0,46.5,47.5,46.5,49.0,49.0
3_L82V-164G_AMP_t1,53.5,53.5,53.0,52.0,51.0,50.5,50.0,47.5,49.5,49.5,49.0,48.5,47.5,48.5,48.0,46.5
4_L82V-164G_AMP_t2,50.5,53.5,52.5,51.0,51.0,49.5,49.0,47.5,49.0,49.0,48.5,47.5,48.0,47.5,48.0,47.5
5_L82V-117-164G_AMP_t1,48.0,47.5,48.5,47.5,45.0,45.0,45.0,45.0,45.0,47.0,45.5,46.5,46.5,45.5,45.0,45.0
6_L82V-117-164G_AMP_t2,49.0,48.0,49.5,48.0,47.0,47.5,46.0,45.0,45.0,45.5,45.0,45.5,45.0,45.0,45.0,45.0
7_L82V_AMP_t1,58.5,58.0,57.5,57.0,56.5,56.5,56.5,56.5,56.5,56.5,56.5,56.5,56.5,45.0,56.5,56.5
8_L82V_AMP_t2,51.0,58.5,57.5,56.5,56.5,56.5,56.5,56.5,56.5,56.5,56.5,56.5,56.5,56.5,56.5,56.5
9_WT_AMP_t1,58.0,58.0,57.5,56.5,56.5,56.5,56.5,56.5,56.5,56.5,56.5,56.5,56.5,56.5,56.5,56.5
10_WT_AMP_t2,58.0,58.0,57.5,57.0,56.5,56.5,56.5,56.5,56.5,56.5,56.5,56.5,56.5,56.5,56.5,56.5
