,2.5,10.0,25.0,50.0,100.0,200.0,350.0,500.0
P112G T1,0.0887142857142856,0.13385714285714298,0.15428571428571425,0.1491428571428571,0.10714285714285703,0.09,0.06885714285714277,0.059571428571428546
P112G T2,0.08042857142857171,0.11214285714285709,0.16657142857142862,0.15542857142857153,0.1147142857142857,0.0948571428571428,0.0647142857142858,0.07899999999999999
P112G T3,0.07871428571428574,0.1371428571428572,0.1754285714285715,0.17185714285714299,0.12785714285714284,0.09899999999999998,0.07371428571428566,0.09199999999999992
P112G T4,0.09714285714285707,0.12885714285714292,0.16214285714285717,0.15657142857142858,0.10514285714285705,0.10257142857142851,0.07728571428571428,0.07457142857142847
P117G T1,0.045428571428571374,0.03557142857142865,0.042428571428571454,0.04314285714285724,0.042857142857142955,0.03785714285714297,0.031714285714285806,0.03757142857142859
P117G T2,0.041571428571428586,0.05642857142857165,0.03828571428571432,0.03600000000000003,0.04442857142857139,0.04642857142857139,0.04142857142857134,0.03885714285714302
P117G T3,0.02700000000000007,0.020142857142856956,0.01971428571428554,0.018714285714285902,0.02728571428571433,0.016714285714285557,0.040571428571428765,0.016571428571428775
P117G T4,0.02728571428571433,0.04128571428571421,0.04257142857142851,0.02714285714285714,0.037285714285714366,0.02971428571428571,0.03300000000000011,0.029857142857142933
L164G T1,0.046142857142857104,0.02628571428571437,0.06257142857142857,0.037714285714285714,0.04114285714285715,0.026142857142857273,0.03171428571428568,0.029428571428571457
L164G T2,0.028142857142857216,0.04342857142857147,0.04800000000000004,0.038428571428571666,0.0420000000000002,0.04428571428571426,0.03700000000000014,0.04685714285714268
L164G T3,0.055285714285714375,0.044857142857142936,0.045142857142857144,0.043285714285714184,0.03557142857142859,0.037714285714285714,0.03314285714285714,0.03685714285714304
L164G T4,0.04871428571428565,0.05614285714285727,0.0474285714285714,0.04485714285714276,0.03657142857142867,0.030428571428571347,0.04600000000000004,0.0331428571428572
L168G T1,0.07028571428571431,0.08471428571428571,0.10228571428571441,0.10714285714285737,0.07885714285714283,0.07557142857142868,0.05714285714285735,0.050428571428571364
L168G T2,0.0771428571428572,0.0967142857142858,0.10800000000000001,0.09942857142857126,0.08057142857142847,0.05885714285714265,0.06499999999999995,0.05871428571428579
L168G T3,0.08285714285714285,0.10185714285714279,0.12714285714285717,0.11214285714285699,0.08142857142857138,0.06142857142857148,0.0634285714285713,0.052142857142857046
L168G T4,0.08242857142857142,0.10014285714285713,0.1162857142857143,0.10228571428571427,0.0822857142857141,0.06642857142857138,0.053285714285714166,0.05242857142857143
112-168G T1,0.0705714285714284,0.08242857142857132,0.0772857142857142,0.07585714285714287,0.056428571428571286,0.05057142857142848,0.04357142857142847,0.037285714285714255
112-168G T2,0.07071428571428577,0.08128571428571435,0.08414285714285721,0.07571428571428569,0.058428571428571316,0.059142857142857094,0.044142857142856984,0.04585714285714304
112-168G T3,0.06242857142857144,0.06885714285714283,0.07485714285714287,0.06371428571428586,0.05228571428571424,0.04771428571428576,0.03942857142857133,0.04571428571428568
112-168G T4,0.05971428571428571,0.06971428571428573,0.07557142857142864,0.0727142857142858,0.05457142857142854,0.042142857142857065,0.04742857142857139,0.03442857142857134
117-164G T1,0.027857142857142962,0.02857142857142859,0.028285714285714154,0.02085714285714275,0.028571428571428498,0.03214285714285704,0.03285714285714273,0.049285714285714086
117-164G T2,0.035428571428571407,0.036142857142857254,0.03671428571428557,0.0385714285714287,0.046142857142857104,0.03457142857142849,0.040571428571428494,0.04028571428571421
117-164G T3,0.03628571428571433,0.027714285714285674,0.031571428571428584,0.03885714285714286,0.03171428571428571,0.03642857142857127,0.027857142857142688,0.04642857142857135
117-164G T4,0.03457142857142846,0.03157142857142844,0.03528571428571418,0.03328571428571446,0.033857142857142905,0.03571428571428575,0.03242857142857135,0.03342857142857133
