,10,25,50,100,200,300,400,500
P112G T1,0.04371428571428575,0.03342857142857127,0.033285714285714064,0.036428571428571456,0.03128571428571431,0.02828571428571431,0.028857142857142883,0.029571428571428603
P112G T2,0.04142857142857147,0.04000000000000004,0.04971428571428575,0.03757142857142861,0.03442857142857146,0.036428571428571456,0.03500000000000003,0.03457142857142861
V117G T1,0.03014285714285717,0.03942857142857146,0.024714285714285737,0.01571428571428573,0.04142857142857146,0.03728571428571432,0.047571428571428605,0.04385714285714289
V117G T2,0.02428571428571431,0.03214285714285717,0.028142857142857056,0.03128571428571431,0.029571428571428596,0.03542857142857146,0.028857142857142883,0.01914285714285716
V164G T1,0.031142857142857173,0.026142857142857166,0.08014285714285721,0.03585714285714289,0.028285714285714313,0.03128571428571431,0.02928571428571431,0.02614285714285717
V164G T2,0.021714285714285735,0.022285714285714308,0.02742857142857145,0.016857142857142873,0.02442857142857145,0.024285714285714306,0.01800000000000002,0.028000000000000025
L168G T1,0.017285714285714304,0.02528571428571431,0.023857142857142875,0.0017142857142857157,0.02814285714285717,0.025571428571428592,0.021142857142857,0.013285714285714168
L168G T2,0.03014285714285717,0.01814285714285716,0.03457142857142861,0.032714285714285744,0.030428571428571454,0.029285714285714318,0.035285714285714316,0.036857142857142894
112-168G T1,0.03771428571428575,0.03385714285714289,0.025857142857142877,0.03200000000000003,0.03214285714285717,0.036428571428571456,0.0375714285714286,0.022999999999999906
112-168G T2,0.054142857142857194,0.03614285714285717,0.04257142857142861,0.035285714285714316,0.03200000000000003,0.04771428571428576,0.03600000000000003,0.03342857142857145
117-164G T1,0.05300000000000005,0.03185714285714288,0.019428571428571444,0.006571428571428578,0.03714285714285718,0.024142857142857164,0.016000000000000014,0.028285714285714313
117-164G T2,0.027000000000000024,0.026285714285714308,0.019571428571428587,0.025428571428571453,0.02671428571428574,0.02742857142857145,0.030428571428571215,0.01771428571428573
D118N T1,0.07657142857142837,0.07385714285714266,0.09057142857142839,0.06114285714285721,0.06414285714285702,0.053428571428571305,0.05300000000000005,0.03142857142857146
D118N T2,0.09099999999999997,0.07085714285714272,0.09985714285714284,0.05900000000000005,0.05871428571428576,0.06214285714285701,0.06299999999999982,0.04671428571428556
L82V T1,0.08414285714285696,0.12857142857142845,0.09028571428571412,0.09957142857142841,0.09228571428571412,0.07299999999999982,0.06971428571428552,0.07399999999999983
L82V T2,0.08799999999999983,0.11257142857142842,0.11914285714285708,0.10185714285714295,0.11171428571428563,0.07557142857142839,0.07785714285714274,0.07571428571428554
